BGP_ID,Band,Lib Plate Name,Plate Well Position,Final Lib Name,Contact,CollectionDate,Country_code,State,CityTown,Lat,Long,Stage,,,
23N16233,266040527,BANS WGLC Plate A,A1,BANS 002 WGLC,Julie Hagelin,6/26/23,USA,AK,Fairbanks,64.827787,-147.64292,Breeding,,,
23N16234,266040528,BANS WGLC Plate A,A2,NOT INCLUDED,Julie Hagelin,6/26/23,USA,AK,Fairbanks,64.827787,-147.64292,Breeding,,,
23N16235,266040529,BANS WGLC Plate A,A3,BANS 002 WGLC,Julie Hagelin,6/26/23,USA,AK,Fairbanks,64.827787,-147.64292,Breeding,,,
23N16236,266040530,BANS WGLC Plate A,A4,NOT INCLUDED,Julie Hagelin,6/26/23,USA,AK,Fairbanks,64.827787,-147.64292,Breeding,,,
23N16237,266040531,BANS WGLC Plate A,A5,BANS 001 WGLC,Julie Hagelin,6/26/23,USA,AK,Fairbanks,64.827787,-147.64292,Breeding,,,
23N16238,266040532,BANS WGLC Plate A,A6,BANS 002 WGLC,Julie Hagelin,6/26/23,USA,AK,Fairbanks,64.827787,-147.64292,Breeding,,,
23N16239,266040533,BANS WGLC Plate A,A7,BANS 002 WGLC,Julie Hagelin,6/26/23,USA,AK,Fairbanks,64.827787,-147.64292,Breeding,,,
23N16240,266040534,BANS WGLC Plate A,A8,BANS 001 WGLC,Julie Hagelin,6/26/23,USA,AK,Fairbanks,64.827787,-147.64292,Breeding,,,
23N16241,266040535,BANS WGLC Plate A,A9,BANS 001 WGLC,Julie Hagelin,6/26/23,USA,AK,Fairbanks,64.827787,-147.64292,Breeding,,,
23N16242,266040536,BANS WGLC Plate A,A10,BANS 002 WGLC,Julie Hagelin,6/26/23,USA,AK,Fairbanks,64.827787,-147.64292,Breeding,,,
23N16243,266040537,BANS WGLC Plate A,A11,BANS 001 WGLC,Julie Hagelin,6/26/23,USA,AK,Fairbanks,64.827787,-147.64292,Breeding,,,
23N16244,266040538,BANS WGLC Plate A,A12,BANS 001 WGLC,Julie Hagelin,6/26/23,USA,AK,Fairbanks,64.827787,-147.64292,Breeding,,,
24N02336,UWBM:88672,BANS WGLC Plate A,B1,BANS 001 WGLC,Sharon Birks,7/3/08,USA,WA,"George, Grant Co.",47.080073,-119.86242,Breeding,,,
24N02337,UWBM:81492,BANS WGLC Plate A,B2,BANS 001 WGLC,Sharon Birks,5/27/06,USA,WA,"Royal City, Grant Co",46.903588,-119.62457,Breeding,,,
24N02338,UWBM:81493,BANS WGLC Plate A,B3,BANS 001 WGLC,Sharon Birks,5/27/06,USA,WA,"Royal City, Grant Co",46.903588,-119.62457,Breeding,,,
24N02339,UWBM:81494,BANS WGLC Plate A,B4,BANS 001 WGLC,Sharon Birks,5/27/06,USA,WA,"Royal City, Grant Co",46.903588,-119.62457,Breeding,,,
24N02340,UWBM:91269,BANS WGLC Plate A,B5,BANS 001 WGLC,Sharon Birks,7/10/09,USA,WA,"George, Grant Co.",47.080073,-119.86242,Breeding,,,
24N02341,UWBM:81495,BANS WGLC Plate A,B6,BANS 001 WGLC,Sharon Birks,5/27/06,USA,WA,"Royal City, Grant Co",46.903588,-119.62457,Breeding,,,
24N02342,UWBM:81496,BANS WGLC Plate A,B7,BANS 001 WGLC,Sharon Birks,5/27/06,USA,WA,"Royal City, Grant Co",46.903588,-119.62457,Breeding,,,
24N02343,UWBM:81497,BANS WGLC Plate A,B8,BANS 001 WGLC,Sharon Birks,5/27/06,USA,WA,"Royal City, Grant Co",46.903588,-119.62457,Breeding,,,
24N02344,UWBM:81498,BANS WGLC Plate A,B9,BANS 001 WGLC,Sharon Birks,5/27/06,USA,WA,"Royal City, Grant Co",46.903588,-119.62457,Breeding,,,
24N02345,UWBM:81499,BANS WGLC Plate A,B10,BANS 001 WGLC,Sharon Birks,5/27/06,USA,WA,"Royal City, Grant Co",46.903588,-119.62457,Breeding,,,
24N02346,UWBM:81500,BANS WGLC Plate A,B11,BANS 001 WGLC,Sharon Birks,5/27/06,USA,WA,"Royal City, Grant Co",46.903588,-119.62457,Breeding,,,
24N02347,UWBM:81501,BANS WGLC Plate A,B12,BANS 001 WGLC,Sharon Birks,5/27/06,USA,WA,"Royal City, Grant Co",46.903588,-119.62457,Breeding,,,
24N02348,274098909,BANS WGLC Plate A,C1,BANS 002 WGLC,Keith Hobson,7/5/17,Canada,SK,"Brightwater Reservoir, SK",51.596313,-106.54129,Breeding,,,
24N02349,274098910,BANS WGLC Plate A,C2,BANS 002 WGLC,Keith Hobson,7/5/17,Canada,SK,"Brightwater Reservoir, SK",51.596313,-106.54129,Breeding,,,
24N02350,274098931,BANS WGLC Plate A,C3,BANS 002 WGLC,Keith Hobson,7/7/17,Canada,SK,"Brightwater Reservoir, SK",51.596313,-106.54129,Breeding,,,
24N02351,274098967,BANS WGLC Plate A,C4,BANS 001 WGLC,Keith Hobson,7/13/17,Canada,SK,"Brightwater Reservoir, SK",51.596313,-106.54129,Breeding,,,
24N02352,274098959,BANS WGLC Plate A,C5,BANS 002 WGLC,Keith Hobson,7/13/17,Canada,SK,"Brightwater Reservoir, SK",51.596313,-106.54129,Breeding,,,
24N02353,274099083,BANS WGLC Plate A,C6,BANS 002 WGLC,Keith Hobson,6/16/17,Canada,SK,"Brightwater Reservoir, SK",51.596313,-106.54129,Breeding,,,
24N02354,274098906,BANS WGLC Plate A,C7,BANS 002 WGLC,Keith Hobson,7/5/17,Canada,SK,"Brightwater Reservoir, SK",51.596313,-106.54129,Breeding,,,
24N02355,274098904,BANS WGLC Plate A,C8,BANS 001 WGLC,Keith Hobson,7/5/17,Canada,SK,"Brightwater Reservoir, SK",51.596313,-106.54129,Breeding,,,
24N02356,274098907,BANS WGLC Plate A,C9,BANS 001 WGLC,Keith Hobson,7/5/17,Canada,SK,"Brightwater Reservoir, SK",51.596313,-106.54129,Breeding,,,
24N02357,274098965,BANS WGLC Plate A,C10,BANS 001 WGLC,Keith Hobson,7/13/17,Canada,SK,"Brightwater Reservoir, SK",51.596313,-106.54129,Breeding,,,
24N02358,274099068,BANS WGLC Plate A,C11,BANS 001 WGLC,Keith Hobson,6/16/17,Canada,SK,"Brightwater Reservoir, SK",51.596313,-106.54129,Breeding,,,
24N02359,274098905,BANS WGLC Plate A,C12,BANS 001 WGLC,Keith Hobson,7/5/17,Canada,SK,"Brightwater Reservoir, SK",51.596313,-106.54129,Breeding,,,
24N02360,235068343,BANS WGLC Plate A,D1,BANS 002 WGLC,"Gregory Mitchell, Ana Diazbohorquez",7/6/21,Canada,British Columbia,Peace River,56.1223707,-120.05934,Breeding,,,
24N02361,235068345,BANS WGLC Plate A,D2,NOT INCLUDED,"Gregory Mitchell, Ana Diazbohorquez",7/6/21,Canada,British Columbia,Peace River,56.1223707,-120.05934,Breeding,,,
24N02362,235068346,BANS WGLC Plate A,D3,BANS 002 WGLC,"Gregory Mitchell, Ana Diazbohorquez",7/6/21,Canada,British Columbia,Peace River,56.1223707,-120.05934,Breeding,,,
24N02363,235068347,BANS WGLC Plate A,D4,BANS 002 WGLC,"Gregory Mitchell, Ana Diazbohorquez",7/6/21,Canada,British Columbia,Peace River,56.1223707,-120.05934,Breeding,,,
24N02364,235068348,BANS WGLC Plate A,D5,BANS 002 WGLC,"Gregory Mitchell, Ana Diazbohorquez",7/6/21,Canada,British Columbia,Peace River,56.1223707,-120.05934,Breeding,,,
24N02365,235068349,BANS WGLC Plate A,D6,BANS 002 WGLC,"Gregory Mitchell, Ana Diazbohorquez",7/6/21,Canada,British Columbia,Peace River,56.1223707,-120.05934,Breeding,,,
24N02366,235068351,BANS WGLC Plate A,D7,BANS 002 WGLC,"Gregory Mitchell, Ana Diazbohorquez",7/6/21,Canada,British Columbia,Peace River,56.1223707,-120.05934,Breeding,,,
24N02367,235068352,BANS WGLC Plate A,D8,BANS 002 WGLC,"Gregory Mitchell, Ana Diazbohorquez",7/6/21,Canada,British Columbia,Peace River,56.1223707,-120.05934,Breeding,,,
24N02368,235068364,BANS WGLC Plate A,D9,BANS 001 WGLC,"Gregory Mitchell, Ana Diazbohorquez",7/6/21,Canada,British Columbia,Peace River,56.1223707,-120.05934,Breeding,,,
24N02369,235068365,BANS WGLC Plate A,D10,BANS 001 WGLC,"Gregory Mitchell, Ana Diazbohorquez",7/6/21,Canada,British Columbia,Peace River,56.1223707,-120.05934,Breeding,,,
24N02370,235068370,BANS WGLC Plate A,D11,BANS 001 WGLC,"Gregory Mitchell, Ana Diazbohorquez",7/6/21,Canada,British Columbia,Peace River,56.1223707,-120.05934,Breeding,,,
24N02371,235068375,BANS WGLC Plate A,D12,BANS 002 WGLC,"Gregory Mitchell, Ana Diazbohorquez",7/6/21,Canada,British Columbia,Peace River,56.1223707,-120.05934,Breeding,,,
24N02397,235068472,BANS WGLC Plate A,E1,BANS 001 WGLC,"Gregory Mitchell, Ana Diazbohorquez",7/5/22,Canada,Yukon,Whitehorse,60.63708,-134.850618,Breeding,,,
24N02398,235068473,BANS WGLC Plate A,E2,BANS 002 WGLC,"Gregory Mitchell, Ana Diazbohorquez",7/5/22,Canada,Yukon,Whitehorse,60.63708,-134.850618,Breeding,,,
24N02399,235068474,BANS WGLC Plate A,E3,BANS 001 WGLC,"Gregory Mitchell, Ana Diazbohorquez",7/5/22,Canada,Yukon,Whitehorse,60.63708,-134.850618,Breeding,,,
24N02400,235068475,BANS WGLC Plate A,E4,BANS 002 WGLC,"Gregory Mitchell, Ana Diazbohorquez",7/5/22,Canada,Yukon,Whitehorse,60.63708,-134.850618,Breeding,,,
24N02401,235068482,BANS WGLC Plate A,E5,BANS 002 WGLC,"Gregory Mitchell, Ana Diazbohorquez",7/5/22,Canada,Yukon,Whitehorse,60.63708,-134.850618,Breeding,,,
24N02402,235068483,BANS WGLC Plate A,E6,BANS 001 WGLC,"Gregory Mitchell, Ana Diazbohorquez",7/5/22,Canada,Yukon,Whitehorse,60.63708,-134.850618,Breeding,,,
24N02403,235068485,BANS WGLC Plate A,E7,BANS 002 WGLC,"Gregory Mitchell, Ana Diazbohorquez",7/5/22,Canada,Yukon,Whitehorse,60.63708,-134.850618,Breeding,,,
24N02404,235068486,BANS WGLC Plate A,E8,BANS 002 WGLC,"Gregory Mitchell, Ana Diazbohorquez",7/5/22,Canada,Yukon,Whitehorse,60.63708,-134.850618,Breeding,,,
24N02405,235068491,BANS WGLC Plate A,E9,NOT INCLUDED,"Gregory Mitchell, Ana Diazbohorquez",7/5/22,Canada,Yukon,Whitehorse,60.63708,-134.850618,Breeding,,,
24N02406,235068494,BANS WGLC Plate A,E10,BANS 001 WGLC,"Gregory Mitchell, Ana Diazbohorquez",7/5/22,Canada,Yukon,Whitehorse,60.63708,-134.850618,Breeding,,,
24N02407,235068495,BANS WGLC Plate A,E11,BANS 002 WGLC,"Gregory Mitchell, Ana Diazbohorquez",7/5/22,Canada,Yukon,Whitehorse,60.63708,-134.850618,Breeding,,,
24N02408,235068543,BANS WGLC Plate A,E12,BANS 001 WGLC,"Gregory Mitchell, Ana Diazbohorquez",7/6/22,Canada,Yukon,Whitehorse,60.63708,-134.850618,Breeding,,,
24N02440,256001848,BANS WGLC Plate A,F1,BANS 001 WGLC,"Gregory Mitchell, Ana Diazbohorquez",6/20/23,Canada,Prince Edward Island,Wood Islands,45.962235,-62.751505,Breeding,,,
24N02441,256001849,BANS WGLC Plate A,F2,BANS 001 WGLC,"Gregory Mitchell, Ana Diazbohorquez",6/20/23,Canada,Prince Edward Island,Wood Islands,45.962235,-62.751505,Breeding,,,
24N02442,256001850,BANS WGLC Plate A,F3,BANS 002 WGLC,"Gregory Mitchell, Ana Diazbohorquez",6/20/23,Canada,Prince Edward Island,Wood Islands,45.962235,-62.751505,Breeding,,,
24N02443,256001851,BANS WGLC Plate A,F4,BANS 001 WGLC,"Gregory Mitchell, Ana Diazbohorquez",6/27/23,Canada,Prince Edward Island,Wood Islands,45.962235,-62.751505,Breeding,,,
24N02444,256001852,BANS WGLC Plate A,F5,BANS 001 WGLC,"Gregory Mitchell, Ana Diazbohorquez",6/27/23,Canada,Prince Edward Island,Wood Islands,45.962235,-62.751505,Breeding,,,
24N02445,256001853,BANS WGLC Plate A,F6,BANS 001 WGLC,"Gregory Mitchell, Ana Diazbohorquez",6/27/23,Canada,Prince Edward Island,Wood Islands,45.962235,-62.751505,Breeding,,,
24N02446,256001854,BANS WGLC Plate A,F7,BANS 002 WGLC,"Gregory Mitchell, Ana Diazbohorquez",6/27/23,Canada,Prince Edward Island,Wood Islands,45.962235,-62.751505,Breeding,,,
24N02447,256001855,BANS WGLC Plate A,F8,BANS 002 WGLC,"Gregory Mitchell, Ana Diazbohorquez",6/27/23,Canada,Prince Edward Island,Wood Islands,45.962235,-62.751505,Breeding,,,
24N02448,256001856,BANS WGLC Plate A,F9,BANS 002 WGLC,"Gregory Mitchell, Ana Diazbohorquez",6/27/23,Canada,Prince Edward Island,Wood Islands,45.962235,-62.751505,Breeding,,,
24N02449,256001857,BANS WGLC Plate A,F10,BANS 001 WGLC,"Gregory Mitchell, Ana Diazbohorquez",6/27/23,Canada,Prince Edward Island,Wood Islands,45.962235,-62.751505,Breeding,,,
24N02450,256001858,BANS WGLC Plate A,F11,BANS 001 WGLC,"Gregory Mitchell, Ana Diazbohorquez",6/27/23,Canada,Prince Edward Island,Wood Islands,45.962235,-62.751505,Breeding,,,
24N02451,256001859,BANS WGLC Plate A,F12,BANS 001 WGLC,"Gregory Mitchell, Ana Diazbohorquez",6/27/23,Canada,Prince Edward Island,Wood Islands,45.962235,-62.751505,Breeding,,,
24N02480,269045745,BANS WGLC Plate A,G1,BANS 002 WGLC,"Gregory Mitchell, Ana Diazbohorquez",7/6/22,Canada,Manitoba,Fort Ellice,50.365898,-101.35284,Breeding,,,
24N02481,269045746,BANS WGLC Plate A,G2,BANS 002 WGLC,"Gregory Mitchell, Ana Diazbohorquez",7/6/22,Canada,Manitoba,Fort Ellice,50.365898,-101.35284,Breeding,,,
24N02482,269045747,BANS WGLC Plate A,G3,BANS 002 WGLC,"Gregory Mitchell, Ana Diazbohorquez",7/7/22,Canada,Manitoba,Fort Ellice,50.365898,-101.35284,Breeding,,,
24N02483,269045748,BANS WGLC Plate A,G4,BANS 002 WGLC,"Gregory Mitchell, Ana Diazbohorquez",7/7/22,Canada,Manitoba,Fort Ellice,50.365898,-101.35284,Breeding,,,
24N02484,269045749,BANS WGLC Plate A,G5,BANS 002 WGLC,"Gregory Mitchell, Ana Diazbohorquez",7/7/22,Canada,Manitoba,Fort Ellice,50.365898,-101.35284,Breeding,,,
24N02485,269045750,BANS WGLC Plate A,G6,BANS 001 WGLC,"Gregory Mitchell, Ana Diazbohorquez",7/7/22,Canada,Manitoba,Fort Ellice,50.365898,-101.35284,Breeding,,,
24N02486,269045751,BANS WGLC Plate A,G7,BANS 001 WGLC,"Gregory Mitchell, Ana Diazbohorquez",7/7/22,Canada,Manitoba,Fort Ellice,50.365898,-101.35284,Breeding,,,
24N02487,269045752,BANS WGLC Plate A,G8,BANS 002 WGLC,"Gregory Mitchell, Ana Diazbohorquez",7/7/22,Canada,Manitoba,Fort Ellice,50.365898,-101.35284,Breeding,,,
24N02488,269045753,BANS WGLC Plate A,G9,BANS 001 WGLC,"Gregory Mitchell, Ana Diazbohorquez",7/6/22,Canada,Manitoba,Fort Ellice,50.365898,-101.35284,Breeding,,,
24N02497,269045836,BANS WGLC Plate A,G10,BANS 002 WGLC,"Gregory Mitchell, Ana Diazbohorquez",7/5/23,Canada,Alberta,Edmonton,53.687047,-113.57037,Breeding,,,
24N02498,269045837,BANS WGLC Plate A,G11,BANS 001 WGLC,"Gregory Mitchell, Ana Diazbohorquez",7/5/23,Canada,Alberta,Edmonton,53.687047,-113.57037,Breeding,,,
24N02499,269045838,BANS WGLC Plate A,G12,BANS 002 WGLC,"Gregory Mitchell, Ana Diazbohorquez",7/5/23,Canada,Alberta,Edmonton,53.687047,-113.57037,Breeding,,,
24N02500,269045839,BANS WGLC Plate B,A1,BANS 001 WGLC,"Gregory Mitchell, Ana Diazbohorquez",7/5/23,Canada,Alberta,Edmonton,53.687047,-113.57037,Breeding,,,
24N02501,269045840,BANS WGLC Plate B,A2,BANS 002 WGLC,"Gregory Mitchell, Ana Diazbohorquez",7/5/23,Canada,Alberta,Edmonton,53.687047,-113.57037,Breeding,,,
24N02502,269045841,BANS WGLC Plate B,A3,BANS 002 WGLC,"Gregory Mitchell, Ana Diazbohorquez",7/5/23,Canada,Alberta,Edmonton,53.687047,-113.57037,Breeding,,,
24N02503,269045842,BANS WGLC Plate B,A4,BANS 001 WGLC,"Gregory Mitchell, Ana Diazbohorquez",7/5/23,Canada,Alberta,Edmonton,53.687047,-113.57037,Breeding,,,
24N02504,269045843,BANS WGLC Plate B,A5,BANS 001 WGLC,"Gregory Mitchell, Ana Diazbohorquez",7/5/23,Canada,Alberta,Edmonton,53.687047,-113.57037,Breeding,,,
24N02505,269045844,BANS WGLC Plate B,A6,BANS 001 WGLC,"Gregory Mitchell, Ana Diazbohorquez",7/5/23,Canada,Alberta,Edmonton,53.687047,-113.57037,Breeding,,,
24N02506,269045845,BANS WGLC Plate B,A7,BANS 001 WGLC,"Gregory Mitchell, Ana Diazbohorquez",7/5/23,Canada,Alberta,Edmonton,53.687047,-113.57037,Breeding,,,
24N02507,269045846,BANS WGLC Plate B,A8,BANS 001 WGLC,"Gregory Mitchell, Ana Diazbohorquez",7/5/23,Canada,Alberta,Edmonton,53.687047,-113.57037,Breeding,,,
24N02508,269045847,BANS WGLC Plate B,A9,BANS 002 WGLC,"Gregory Mitchell, Ana Diazbohorquez",7/5/23,Canada,Alberta,Edmonton,53.687047,-113.57037,Breeding,,,
24N02517,281069201,BANS WGLC Plate B,A10,BANS 001 WGLC,"Gregory Mitchell, Ana Diazbohorquez",7/7/23,Canada,New Brunswick,Sackville,45.8972,-64.3393,Breeding,,,
24N02518,281069202,BANS WGLC Plate B,A11,BANS 001 WGLC,"Gregory Mitchell, Ana Diazbohorquez",7/7/23,Canada,New Brunswick,Sackville,45.8972,-64.3393,Breeding,,,
24N02519,281069203,BANS WGLC Plate B,A12,BANS 001 WGLC,"Gregory Mitchell, Ana Diazbohorquez",7/7/23,Canada,New Brunswick,Sackville,45.8972,-64.3393,Breeding,,,
24N02520,281069204,BANS WGLC Plate B,B1,BANS 001 WGLC,"Gregory Mitchell, Ana Diazbohorquez",7/7/23,Canada,New Brunswick,Sackville,45.8972,-64.3393,Breeding,,,
24N02521,281069205,BANS WGLC Plate B,B2,BANS 001 WGLC,"Gregory Mitchell, Ana Diazbohorquez",7/8/23,Canada,New Brunswick,Sackville,45.9052,-64.3382,Breeding,,,
24N02522,281069206,BANS WGLC Plate B,B3,BANS 001 WGLC,"Gregory Mitchell, Ana Diazbohorquez",7/8/23,Canada,New Brunswick,Sackville,45.9052,-64.3382,Breeding,,,
24N02523,281069207,BANS WGLC Plate B,B4,BANS 002 WGLC,"Gregory Mitchell, Ana Diazbohorquez",7/8/23,Canada,New Brunswick,Sackville,45.9052,-64.3382,Breeding,,,
24N02524,281069208,BANS WGLC Plate B,B5,BANS 001 WGLC,"Gregory Mitchell, Ana Diazbohorquez",7/8/23,Canada,New Brunswick,Sackville,45.9052,-64.3382,Breeding,,,
24N02525,281069209,BANS WGLC Plate B,B6,BANS 001 WGLC,"Gregory Mitchell, Ana Diazbohorquez",7/8/23,Canada,New Brunswick,Sackville,45.9052,-64.3382,Breeding,,,
24N02526,281069210,BANS WGLC Plate B,B7,BANS 001 WGLC,"Gregory Mitchell, Ana Diazbohorquez",7/8/23,Canada,New Brunswick,Sackville,45.9052,-64.3382,Breeding,,,
24N02527,281069211,BANS WGLC Plate B,B8,BANS 001 WGLC,"Gregory Mitchell, Ana Diazbohorquez",7/8/23,Canada,New Brunswick,Sackville,45.9052,-64.3382,Breeding,,,
24N02528,281069212,BANS WGLC Plate B,B9,BANS 002 WGLC,"Gregory Mitchell, Ana Diazbohorquez",7/8/23,Canada,New Brunswick,Sackville,45.9052,-64.3382,Breeding,,,
24N02531,282088801,BANS WGLC Plate B,B10,BANS 002 WGLC,"Gregory Mitchell, Ana Diazbohorquez",6/29/22,Canada,Nova Scotia,Meteghan,44.19388,-66.15649,Breeding,,,
24N02532,282088802,BANS WGLC Plate B,B11,BANS 001 WGLC,"Gregory Mitchell, Ana Diazbohorquez",6/29/22,Canada,Nova Scotia,Meteghan,44.19388,-66.15649,Breeding,,,
24N02533,282088804,BANS WGLC Plate B,B12,BANS 002 WGLC,"Gregory Mitchell, Ana Diazbohorquez",6/29/22,Canada,Nova Scotia,Meteghan,44.19388,-66.15649,Breeding,,,
24N02534,282088805,BANS WGLC Plate B,C1,BANS 001 WGLC,"Gregory Mitchell, Ana Diazbohorquez",6/29/22,Canada,Nova Scotia,Meteghan,44.19388,-66.15649,Breeding,,,
24N02535,282088806,BANS WGLC Plate B,C2,BANS 002 WGLC,"Gregory Mitchell, Ana Diazbohorquez",6/29/22,Canada,Nova Scotia,Meteghan,44.19388,-66.15649,Breeding,,,
24N02536,282088807,BANS WGLC Plate B,C3,BANS 001 WGLC,"Gregory Mitchell, Ana Diazbohorquez",6/29/22,Canada,Nova Scotia,Meteghan,44.19388,-66.15649,Breeding,,,
24N02537,282088808,BANS WGLC Plate B,C4,BANS 002 WGLC,"Gregory Mitchell, Ana Diazbohorquez",6/29/22,Canada,Nova Scotia,Meteghan,44.19388,-66.15649,Breeding,,,
24N02538,282088809,BANS WGLC Plate B,C5,BANS 002 WGLC,"Gregory Mitchell, Ana Diazbohorquez",6/29/22,Canada,Nova Scotia,Meteghan,44.19388,-66.15649,Breeding,,,
24N02539,282088810,BANS WGLC Plate B,C6,BANS 001 WGLC,"Gregory Mitchell, Ana Diazbohorquez",6/29/22,Canada,Nova Scotia,Meteghan,44.19388,-66.15649,Breeding,,,
24N02540,282088811,BANS WGLC Plate B,C7,BANS 002 WGLC,"Gregory Mitchell, Ana Diazbohorquez",6/30/22,Canada,Nova Scotia,Wolfville,45.110426,-64.246125,Breeding,,,
24N02541,282088812,BANS WGLC Plate B,C8,BANS 002 WGLC,"Gregory Mitchell, Ana Diazbohorquez",6/30/22,Canada,Nova Scotia,Wolfville,45.110426,-64.246125,Breeding,,,
24N02542,282088813,BANS WGLC Plate B,C9,BANS 002 WGLC,"Gregory Mitchell, Ana Diazbohorquez",6/30/22,Canada,Nova Scotia,Wolfville,45.110426,-64.246125,Breeding,,,
24N02614,284095253,BANS WGLC Plate B,C10,NOT INCLUDED,"Gregory Mitchell, Ana Diazbohorquez",6/6/22,Canada,Ontario,Port Bruce,42.661819,-80.9755,Breeding,,,
24N02615,284095254,BANS WGLC Plate B,C11,BANS 002 WGLC,"Gregory Mitchell, Ana Diazbohorquez",6/6/22,Canada,Ontario,Port Bruce,42.661819,-80.9755,Breeding,,,
24N02616,284095257,BANS WGLC Plate B,C12,BANS 002 WGLC,"Gregory Mitchell, Ana Diazbohorquez",6/8/22,Canada,Ontario,Port Bruce,42.661819,-80.9755,Breeding,,,
24N02617,284095259,BANS WGLC Plate B,D1,BANS 002 WGLC,"Gregory Mitchell, Ana Diazbohorquez",6/8/22,Canada,Ontario,Port Bruce,42.661819,-80.9755,Breeding,,,
24N02618,284095261,BANS WGLC Plate B,D2,BANS 002 WGLC,"Gregory Mitchell, Ana Diazbohorquez",6/8/22,Canada,Ontario,Port Bruce,42.661819,-80.9755,Breeding,,,
24N02619,284095262,BANS WGLC Plate B,D3,NOT INCLUDED,"Gregory Mitchell, Ana Diazbohorquez",6/8/22,Canada,Ontario,Port Bruce,42.661819,-80.9755,Breeding,,,
24N02620,284095263,BANS WGLC Plate B,D4,BANS 001 WGLC,"Gregory Mitchell, Ana Diazbohorquez",6/8/22,Canada,Ontario,Port Bruce,42.661819,-80.9755,Breeding,,,
24N02621,284095264,BANS WGLC Plate B,D5,BANS 001 WGLC,"Gregory Mitchell, Ana Diazbohorquez",6/8/22,Canada,Ontario,Port Bruce,42.661819,-80.9755,Breeding,,,
24N02622,284095265,BANS WGLC Plate B,D6,BANS 002 WGLC,"Gregory Mitchell, Ana Diazbohorquez",6/8/22,Canada,Ontario,Port Bruce,42.661819,-80.9755,Breeding,,,
24N02623,284095266,BANS WGLC Plate B,D7,BANS 002 WGLC,"Gregory Mitchell, Ana Diazbohorquez",6/8/22,Canada,Ontario,Port Bruce,42.661819,-80.9755,Breeding,,,
24N02624,284095267,BANS WGLC Plate B,D8,BANS 002 WGLC,"Gregory Mitchell, Ana Diazbohorquez",6/8/22,Canada,Ontario,Port Bruce,42.661819,-80.9755,Breeding,,,
24N02625,284095268,BANS WGLC Plate B,D9,BANS 002 WGLC,"Gregory Mitchell, Ana Diazbohorquez",6/8/22,Canada,Ontario,Port Bruce,42.661819,-80.9755,Breeding,,,
24N02682,292000703,BANS WGLC Plate B,D10,BANS 002 WGLC,"Gregory Mitchell, Ana Diazbohorquez",6/25/23,Canada,"British Columbia, Shuswap Band Lands",,50.5585,-116.0606,Breeding,,,
24N02683,292000709,BANS WGLC Plate B,D11,BANS 001 WGLC,"Gregory Mitchell, Ana Diazbohorquez",6/25/23,Canada,"British Columbia, Shuswap Band Lands",,50.5585,-116.0606,Breeding,,,
24N02684,292000714,BANS WGLC Plate B,D12,BANS 002 WGLC,"Gregory Mitchell, Ana Diazbohorquez",6/25/23,Canada,"British Columbia, Shuswap Band Lands",,50.5585,-116.0606,Breeding,,,
24N02685,292000715,BANS WGLC Plate B,E1,BANS 001 WGLC,"Gregory Mitchell, Ana Diazbohorquez",6/25/23,Canada,"British Columbia, Shuswap Band Lands",,50.5585,-116.0606,Breeding,,,
24N02686,292000716,BANS WGLC Plate B,E2,BANS 001 WGLC,"Gregory Mitchell, Ana Diazbohorquez",6/25/23,Canada,"British Columbia, Shuswap Band Lands",,50.5585,-116.0606,Breeding,,,
24N02687,292000717,BANS WGLC Plate B,E3,BANS 002 WGLC,"Gregory Mitchell, Ana Diazbohorquez",6/25/23,Canada,"British Columbia, Shuswap Band Lands",,50.5585,-116.0606,Breeding,,,
24N02688,292000725,BANS WGLC Plate B,E4,BANS 002 WGLC,"Gregory Mitchell, Ana Diazbohorquez",6/26/23,Canada,"British Columbia, Shuswap Band Lands",,50.5359,-116.0363,Breeding,,,
24N02689,292000726,BANS WGLC Plate B,E5,BANS 002 WGLC,"Gregory Mitchell, Ana Diazbohorquez",6/26/23,Canada,"British Columbia, Shuswap Band Lands",,50.5359,-116.0363,Breeding,,,
24N02690,292000727,BANS WGLC Plate B,E6,BANS 002 WGLC,"Gregory Mitchell, Ana Diazbohorquez",6/26/23,Canada,"British Columbia, Shuswap Band Lands",,50.5359,-116.0363,Breeding,,,
24N02691,292000728,BANS WGLC Plate B,E7,BANS 002 WGLC,"Gregory Mitchell, Ana Diazbohorquez",6/26/23,Canada,"British Columbia, Shuswap Band Lands",,50.5359,-116.0363,Breeding,,,
24N02692,292000729,BANS WGLC Plate B,E8,BANS 002 WGLC,"Gregory Mitchell, Ana Diazbohorquez",6/26/23,Canada,"British Columbia, Shuswap Band Lands",,50.5359,-116.0363,Breeding,,,
24N02693,292000732,BANS WGLC Plate B,E9,BANS 002 WGLC,"Gregory Mitchell, Ana Diazbohorquez",6/26/23,Canada,"British Columbia, Shuswap Band Lands",,50.5359,-116.0363,Breeding,,,
24N02793,298002083,BANS WGLC Plate B,E10,NOT INCLUDED,"Gregory Mitchell, Ana Diazbohorquez",7/4/22,Canada,Quebec,D'Aiguillon,48.8249,-64.3158,Breeding,,,
24N02794,298002084,BANS WGLC Plate B,E11,BANS 002 WGLC,"Gregory Mitchell, Ana Diazbohorquez",7/5/22,Canada,Quebec,D'Aiguillon,48.8249,-64.3158,Breeding,,,
24N02795,298002085,BANS WGLC Plate B,E12,BANS 001 WGLC,"Gregory Mitchell, Ana Diazbohorquez",7/5/22,Canada,Quebec,D'Aiguillon,48.8249,-64.3158,Breeding,,,
24N02796,298002086,BANS WGLC Plate B,F1,BANS 002 WGLC,"Gregory Mitchell, Ana Diazbohorquez",7/6/22,Canada,Quebec,D'Aiguillon,48.8249,-64.3158,Breeding,,,
24N02797,298002087,BANS WGLC Plate B,F2,BANS 002 WGLC,"Gregory Mitchell, Ana Diazbohorquez",7/6/22,Canada,Quebec,D'Aiguillon,48.8249,-64.3158,Breeding,,,
24N02798,298002088,BANS WGLC Plate B,F3,NOT INCLUDED,"Gregory Mitchell, Ana Diazbohorquez",7/6/22,Canada,Quebec,D'Aiguillon,48.8249,-64.3158,Breeding,,,
24N02799,298002089,BANS WGLC Plate B,F4,BANS 002 WGLC,"Gregory Mitchell, Ana Diazbohorquez",7/7/22,Canada,Quebec,D'Aiguillon,48.8249,-64.3158,Breeding,,,
24N02800,298002090,BANS WGLC Plate B,F5,BANS 002 WGLC,"Gregory Mitchell, Ana Diazbohorquez",7/8/22,Canada,Quebec,D'Aiguillon,48.8249,-64.3158,Breeding,,,
24N02801,298002091,BANS WGLC Plate B,F6,BANS 001 WGLC,"Gregory Mitchell, Ana Diazbohorquez",7/8/22,Canada,Quebec,D'Aiguillon,48.8249,-64.3158,Breeding,,,
24N02802,298002092,BANS WGLC Plate B,F7,BANS 002 WGLC,"Gregory Mitchell, Ana Diazbohorquez",7/8/22,Canada,Quebec,D'Aiguillon,48.8249,-64.3158,Breeding,,,
24N02803,298002093,BANS WGLC Plate B,F8,BANS 001 WGLC,"Gregory Mitchell, Ana Diazbohorquez",7/9/22,Canada,Quebec,D'Aiguillon,48.8249,-64.3158,Breeding,,,
24N02804,298002094,BANS WGLC Plate B,F9,BANS 002 WGLC,"Gregory Mitchell, Ana Diazbohorquez",7/10/22,Canada,Quebec,D'Aiguillon,48.8249,-64.3158,Breeding,,,
24N02815,298084810,BANS WGLC Plate B,F10,BANS 002 WGLC,"Gregory Mitchell, Ana Diazbohorquez",6/21/23,Canada,Quebec,Odanak,46.067638,-72.818831,Breeding,,,
24N02816,298084811,BANS WGLC Plate B,F11,BANS 002 WGLC,"Gregory Mitchell, Ana Diazbohorquez",6/21/23,Canada,Quebec,Odanak,46.067638,-72.818831,Breeding,,,
24N02817,298084812,BANS WGLC Plate B,F12,BANS 002 WGLC,"Gregory Mitchell, Ana Diazbohorquez",6/21/23,Canada,Quebec,Odanak,46.067638,-72.818831,Breeding,,,
24N02818,298084815,BANS WGLC Plate B,G1,BANS 001 WGLC,"Gregory Mitchell, Ana Diazbohorquez",6/21/23,Canada,Quebec,Odanak,46.067638,-72.818831,Breeding,,,
24N02819,298084822,BANS WGLC Plate B,G2,BANS 002 WGLC,"Gregory Mitchell, Ana Diazbohorquez",6/21/23,Canada,Quebec,Odanak,46.067638,-72.818831,Breeding,,,
24N02820,298084825,BANS WGLC Plate B,G3,BANS 002 WGLC,"Gregory Mitchell, Ana Diazbohorquez",6/21/23,Canada,Quebec,Odanak,46.067638,-72.818831,Breeding,,,
24N02821,298084826,BANS WGLC Plate B,G4,BANS 001 WGLC,"Gregory Mitchell, Ana Diazbohorquez",6/21/23,Canada,Quebec,Odanak,46.067638,-72.818831,Breeding,,,
24N02822,298084827,BANS WGLC Plate B,G5,BANS 001 WGLC,"Gregory Mitchell, Ana Diazbohorquez",6/21/23,Canada,Quebec,Odanak,46.067638,-72.818831,Breeding,,,
24N02823,298084828,BANS WGLC Plate B,G6,BANS 001 WGLC,"Gregory Mitchell, Ana Diazbohorquez",6/21/23,Canada,Quebec,Odanak,46.067638,-72.818831,Breeding,,,
24N02824,298084829,BANS WGLC Plate B,G7,BANS 002 WGLC,"Gregory Mitchell, Ana Diazbohorquez",6/21/23,Canada,Quebec,Odanak,46.067638,-72.818831,Breeding,,,
24N02825,298084830,BANS WGLC Plate B,G8,BANS 002 WGLC,"Gregory Mitchell, Ana Diazbohorquez",6/21/23,Canada,Quebec,Odanak,46.067638,-72.818831,Breeding,,,
24N02826,298084831,BANS WGLC Plate B,G9,BANS 001 WGLC,"Gregory Mitchell, Ana Diazbohorquez",6/21/23,Canada,Quebec,Odanak,46.067638,-72.818831,Breeding,,,
25N03037,287173328,BANS WGS 003,A1,BANS 003,Greg Mitchell-Ana Diaz,6/19/24,Canada,Newfoundland,Parson's Pond,50.025854,-57.722693,Breeding,,,
25N03038,287173329,BANS WGS 003,A2,BANS 003,Greg Mitchell-Ana Diaz,6/19/24,Canada,Newfoundland,Parson's Pond,50.025854,-57.722693,Breeding,,,
25N03039,287173330,BANS WGS 003,A3,BANS 003,Greg Mitchell-Ana Diaz,6/19/24,Canada,Newfoundland,Parson's Pond,50.025854,-57.722693,Breeding,,,
25N03040,287173331,BANS WGS 003,A4,BANS 003,Greg Mitchell-Ana Diaz,6/19/24,Canada,Newfoundland,Parson's Pond,50.025854,-57.722693,Breeding,,,
25N03041,287173332,BANS WGS 003,A5,BANS 003,Greg Mitchell-Ana Diaz,6/19/24,Canada,Newfoundland,Parson's Pond,50.025854,-57.722693,Breeding,,,
25N03042,287173333,BANS WGS 003,A6,BANS 003,Greg Mitchell-Ana Diaz,6/19/24,Canada,Newfoundland,Parson's Pond,50.025854,-57.722693,Breeding,,,
25N03043,287173334,BANS WGS 003,A7,BANS 003,Greg Mitchell-Ana Diaz,6/19/24,Canada,Newfoundland,Parson's Pond,50.025854,-57.722693,Breeding,,,
25N03044,287173335,BANS WGS 003,A8,BANS 003,Greg Mitchell-Ana Diaz,6/19/24,Canada,Newfoundland,Parson's Pond,50.025854,-57.722693,Breeding,,,
25N03045,287173336,BANS WGS 003,A9,BANS 003,Greg Mitchell-Ana Diaz,6/19/24,Canada,Newfoundland,Parson's Pond,50.025854,-57.722693,Breeding,,,
25N03046,287173337,BANS WGS 003,A10,BANS 003,Greg Mitchell-Ana Diaz,6/19/24,Canada,Newfoundland,Parson's Pond,50.025854,-57.722693,Breeding,,,
25N03047,287173338,BANS WGS 003,A11,BANS 003,Greg Mitchell-Ana Diaz,6/19/24,Canada,Newfoundland,Parson's Pond,50.025854,-57.722693,Breeding,,,
25N03048,287173339,BANS WGS 003,A12,BANS 003,Greg Mitchell-Ana Diaz,6/19/24,Canada,Newfoundland,Parson's Pond,50.025854,-57.722693,Breeding,,,
25N03067,287173359,BANS WGS 003,B1,BANS 003,Greg Mitchell-Ana Diaz,6/26/24,Canada,Northwest Territories,Behchoko,62.852877,-115.978634,Breeding,,,
25N03068,287173360,BANS WGS 003,B2,BANS 003,Greg Mitchell-Ana Diaz,6/26/24,Canada,Northwest Territories,Behchoko,62.852877,-115.978634,Breeding,,,
25N03069,287173361,BANS WGS 003,B3,BANS 003,Greg Mitchell-Ana Diaz,6/26/24,Canada,Northwest Territories,Behchoko,62.852877,-115.978634,Breeding,,,
25N03070,287173362,BANS WGS 003,B4,BANS 003,Greg Mitchell-Ana Diaz,6/26/24,Canada,Northwest Territories,Behchoko,62.852877,-115.978634,Breeding,,,
25N03071,287173363,BANS WGS 003,B5,BANS 003,Greg Mitchell-Ana Diaz,6/26/24,Canada,Northwest Territories,Behchoko,62.852877,-115.978634,Breeding,,,
25N03072,287173364,BANS WGS 003,B6,BANS 003,Greg Mitchell-Ana Diaz,6/26/24,Canada,Northwest Territories,Behchoko,62.852877,-115.978634,Breeding,,,
25N03073,287173365,BANS WGS 003,B7,BANS 003,Greg Mitchell-Ana Diaz,6/26/24,Canada,Northwest Territories,Behchoko,62.852877,-115.978634,Breeding,,,
25N03074,287173366,BANS WGS 003,B8,BANS 003,Greg Mitchell-Ana Diaz,6/26/24,Canada,Northwest Territories,Behchoko,62.852877,-115.978634,Breeding,,,
25N03075,287173367,BANS WGS 003,B9,BANS 003,Greg Mitchell-Ana Diaz,6/26/24,Canada,Northwest Territories,Behchoko,62.852877,-115.978634,Breeding,,,
25N03076,287173368,BANS WGS 003,B10,BANS 003,Greg Mitchell-Ana Diaz,6/26/24,Canada,Northwest Territories,Behchoko,62.852877,-115.978634,Breeding,,,
25N03077,287173369,BANS WGS 003,B11,BANS 003,Greg Mitchell-Ana Diaz,6/26/24,Canada,Northwest Territories,Behchoko,62.852877,-115.978634,Breeding,,,
25N03078,287173370,BANS WGS 003,B12,BANS 003,Greg Mitchell-Ana Diaz,6/26/24,Canada,Northwest Territories,Behchoko,62.852877,-115.978634,Breeding,,,
25N03097,287173395,BANS WGS 003,C1,BANS 003,Greg Mitchell-Ana Diaz,7/3/24,Canada,Manitoba,Oak Hammock,50.164998,-97.127082,Breeding,,,
25N03098,287173396,BANS WGS 003,C2,BANS 003,Greg Mitchell-Ana Diaz,7/3/24,Canada,Manitoba,Oak Hammock,50.164998,-97.127082,Breeding,,,
25N03099,287173397,BANS WGS 003,C3,BANS 003,Greg Mitchell-Ana Diaz,7/3/24,Canada,Manitoba,Oak Hammock,50.164998,-97.127082,Breeding,,,
25N03100,287173398,BANS WGS 003,C4,BANS 003,Greg Mitchell-Ana Diaz,7/3/24,Canada,Manitoba,Oak Hammock,50.164998,-97.127082,Breeding,,,
25N03101,287173399,BANS WGS 003,C5,BANS 003,Greg Mitchell-Ana Diaz,7/3/24,Canada,Manitoba,Oak Hammock,50.164998,-97.127082,Breeding,,,
25N03102,287173400,BANS WGS 003,C6,BANS 003,Greg Mitchell-Ana Diaz,7/3/24,Canada,Manitoba,Oak Hammock,50.164998,-97.127082,Breeding,,,
25N03103,314147601,BANS WGS 003,C7,BANS 003,Greg Mitchell-Ana Diaz,7/3/24,Canada,Manitoba,Oak Hammock,50.164998,-97.127082,Breeding,,,
25N03104,314147602,BANS WGS 003,C8,BANS 003,Greg Mitchell-Ana Diaz,7/3/24,Canada,Manitoba,Oak Hammock,50.164998,-97.127082,Breeding,,,
25N03105,314147603,BANS WGS 003,C9,BANS 003,Greg Mitchell-Ana Diaz,7/3/24,Canada,Manitoba,Oak Hammock,50.164998,-97.127082,Breeding,,,
25N03106,314147604,BANS WGS 003,C10,BANS 003,Greg Mitchell-Ana Diaz,7/3/24,Canada,Manitoba,Oak Hammock,50.164998,-97.127082,Breeding,,,
25N03107,314147605,BANS WGS 003,C11,BANS 003,Greg Mitchell-Ana Diaz,7/3/24,Canada,Manitoba,Oak Hammock,50.164998,-97.127082,Breeding,,,
25N03108,314147606,BANS WGS 003,C12,BANS 003,Greg Mitchell-Ana Diaz,7/3/24,Canada,Manitoba,Oak Hammock,50.164998,-97.127082,Breeding,,,
25N13574,305021022,BANS WGS 003,D1,BANS 003,Amanda Carpenter,6/5/25,USA,WY,Buffalo,44.4478984,-106.7417194,Breeding,,,
25N13576,305021024,BANS WGS 003,D2,BANS 003,Amanda Carpenter,6/5/25,USA,WY,Buffalo,44.4478984,-106.7417194,Breeding,,,
25N13577,305021025,BANS WGS 003,D3,BANS 003,Amanda Carpenter,6/5/25,USA,WY,Buffalo,44.4478984,-106.7417194,Breeding,,,
25N13578,305021026,BANS WGS 003,D4,BANS 003,Amanda Carpenter,6/5/25,USA,WY,Buffalo,44.4478984,-106.7417194,Breeding,,,
25N13579,305021027,BANS WGS 003,D5,BANS 003,Amanda Carpenter,6/5/25,USA,WY,Buffalo,44.4478984,-106.7417194,Breeding,,,
25N13580,305021029,BANS WGS 003,D6,BANS 003,Amanda Carpenter,6/5/25,USA,WY,Buffalo,44.4478984,-106.7417194,Breeding,,,
25N13581,305021030,BANS WGS 003,D7,BANS 003,Amanda Carpenter,6/5/25,USA,WY,Buffalo,44.4478984,-106.7417194,Breeding,,,
25N13582,305021031,BANS WGS 003,D8,BANS 003,Amanda Carpenter,6/5/25,USA,WY,Buffalo,44.4478984,-106.7417194,Breeding,,,
25N13583,305021032,BANS WGS 003,D9,BANS 003,Amanda Carpenter,6/5/25,USA,WY,Buffalo,44.4478984,-106.7417194,Breeding,,,
25N13584,305021033,BANS WGS 003,D10,BANS 003,Amanda Carpenter,6/5/25,USA,WY,Buffalo,44.4478984,-106.7417194,Breeding,,,
25N13585,305021034,BANS WGS 003,D11,BANS 003,Amanda Carpenter,6/5/25,USA,WY,Buffalo,44.4478984,-106.7417194,Breeding,,,
25N13586,305021035,BANS WGS 003,D12,BANS 003,Amanda Carpenter,6/5/25,USA,WY,Buffalo,44.4478984,-106.7417194,Breeding,,,
25N13631,288052661,BANS WGS 003,E1,BANS 003,Amanda Carpenter,6/25/25,USA,WY,Cheyenne,41.1170592,-104.7318117,Breeding,,,
25N13632,288052662,BANS WGS 003,E2,BANS 003,Amanda Carpenter,6/25/25,USA,WY,Cheyenne,41.1170592,-104.7318117,Breeding,,,
25N13633,288052663,BANS WGS 003,E3,BANS 003,Amanda Carpenter,6/25/25,USA,WY,Cheyenne,41.1170592,-104.7318117,Breeding,,,
25N13634,288052664,BANS WGS 003,E4,BANS 003,Amanda Carpenter,6/25/25,USA,WY,Cheyenne,41.1170592,-104.7318117,Breeding,,,
25N13635,288052665,BANS WGS 003,E5,BANS 003,Amanda Carpenter,6/25/25,USA,WY,Cheyenne,41.1170592,-104.7318117,Breeding,,,
25N17421,247033276,BANS WGS 003,E6,BANS 003,Megan Fylling,7/2/25,USA,MT,Missoula,46.724742,-113.643808,Breeding,,,
25N17422,247033277,BANS WGS 003,E7,BANS 003,Megan Fylling,7/2/25,USA,MT,Missoula,46.724742,-113.643808,Breeding,,,
25N17423,247033278,BANS WGS 003,E8,BANS 003,Megan Fylling,7/2/25,USA,MT,Missoula,46.724742,-113.643808,Breeding,,,
25N17424,247033279,BANS WGS 003,E9,BANS 003,Megan Fylling,7/2/25,USA,MT,Missoula,46.724742,-113.643808,Breeding,,,
25N17425,247033280,BANS WGS 003,E10,BANS 003,Megan Fylling,7/2/25,USA,MT,Missoula,46.724742,-113.643808,Breeding,,,
25N17426,247033281,BANS WGS 003,E11,BANS 003,Megan Fylling,7/2/25,USA,MT,Missoula,46.724742,-113.643808,Breeding,,,
25N17427,247033282,BANS WGS 003,E12,BANS 003,Megan Fylling,7/2/25,USA,MT,Missoula,46.724742,-113.643808,Breeding,,,
25N17428,247033283,BANS WGS 003,F1,BANS 003,Megan Fylling,7/2/25,USA,MT,Missoula,46.724742,-113.643808,Breeding,,,
25N17429,247033284,BANS WGS 003,F2,BANS 003,Megan Fylling,7/2/25,USA,MT,Missoula,46.724742,-113.643808,Breeding,,,
25N17430,247033285,BANS WGS 003,F3,BANS 003,Megan Fylling,7/2/25,USA,MT,Missoula,46.724742,-113.643808,Breeding,,,
25N17431,247033286,BANS WGS 003,F4,BANS 003,Megan Fylling,7/2/25,USA,MT,Missoula,46.724742,-113.643808,Breeding,,,
25N17432,247033287,BANS WGS 003,F5,BANS 003,Megan Fylling,7/2/25,USA,MT,Missoula,46.724742,-113.643808,Breeding,,,
25N19612,301084568,BANS WGS 003,F6,BANS 003,Rose Swift,7/1/25,USA,ND,Jamestown,46.8751561,-98.6351419,Breeding,,,
25N19613,301084569,BANS WGS 003,F7,BANS 003,Rose Swift,7/1/25,USA,ND,Jamestown,46.8751561,-98.6351419,Breeding,,,
25N19614,301084570,BANS WGS 003,F8,BANS 003,Rose Swift,7/1/25,USA,ND,Jamestown,46.8751561,-98.6351419,Breeding,,,
25N19615,301084581,BANS WGS 003,F9,BANS 003,Rose Swift,7/3/25,USA,ND,Jamestown,46.8751561,-98.6351419,Breeding,,,
25N19616,301084582,BANS WGS 003,F10,BANS 003,Rose Swift,7/3/25,USA,ND,Jamestown,46.8751561,-98.6351419,Breeding,,,
25N19617,301084583,BANS WGS 003,F11,BANS 003,Rose Swift,7/3/25,USA,ND,Jamestown,46.8751561,-98.6351419,Breeding,,,
24N21269,284023086,BANS WGS 003,F12,BANS 003,Rose Swift,7/3/24,USA,ND,Jamestown,46.87276,-98.6341,Breeding,,,